MI-ELS-053764,$530.047,https://aco.cl/imagenes/productos/053764.jpg
betonera 140,$347.849,https://aco.cl/imagenes/productos/049803.jpg,https://aco.cl/imagenes/productos/2609212309_24.jpg,https://aco.cl/imagenes/productos/2609212409_26.jpg,https://www.youtube.com/watch?v=1lY9Zr3EaqI
MI-ELS-053223,$149.753,https://aco.cl/imagenes/productos/053223.jpg,https://aco.cl/imagenes/productos/0909374212_30.jpg,https://aco.cl/imagenes/productos/0912390012_94.jpg
MI-NEO-043880,$150.416,https://aco.cl/imagenes/productos/043880.jpg,https://aco.cl/imagenes/productos/2904475701_70.jpg,https://aco.cl/imagenes/productos/2904470801_61.jpg
MI-NEO-043879,$89.012,https://aco.cl/imagenes/productos/043879.jpg,https://aco.cl/imagenes/productos/1704392706_51.jpg,https://aco.cl/imagenes/productos/1704392706_84.jpg,https://aco.cl/imagenes/productos/1001372309_65.jpg
MI-NEO-043881,$150.416,https://aco.cl/imagenes/productos/043880.jpg,https://aco.cl/imagenes/productos/2904475701_70.jpg,https://aco.cl/imagenes/productos/2904470801_61.jpg
MI-EVE-054270,$205.918,https://aco.cl/imagenes/productos/054270.jpg,https://aco.cl/imagenes/productos/0404204608_21.jpg,https://aco.cl/imagenes/productos/2403563407_70.jpg,https://aco.cl/imagenes/productos/0902192303_86.jpg
MI-EVE-054615,$86.969,https://aco.cl/imagenes/productos/054619.jpg,https://aco.cl/imagenes/productos/1801141003_1.jpg
MI-EVE-054618,$86.969,https://aco.cl/imagenes/productos/054619.jpg,https://aco.cl/imagenes/productos/1801141003_1.jpg
MI-GLA-051459,$52.265,https://aco.cl/imagenes/productos/051459.jpg,https://aco.cl/imagenes/productos/0210080610_32.jpg,https://aco.cl/imagenes/productos/0210100710_57.jpg,https://www.youtube.com/watch?v=J_w4fMLFhKU
MI-GLA-051737,$209.345,https://aco.cl/imagenes/productos/051737.jpg,https://aco.cl/imagenes/productos/1709334308_92.jpg,https://aco.cl/imagenes/productos/1709324608_24.jpg,https://aco.cl/imagenes/productos/1709341908_21.jpg
MI-GLA-051736,$209.345,https://aco.cl/imagenes/productos/051737.jpg,https://aco.cl/imagenes/productos/1709334308_92.jpg,https://aco.cl/imagenes/productos/1709324608_24.jpg,https://aco.cl/imagenes/productos/1709341908_21.jpg
MI-GLA-051738,$209.345,https://aco.cl/imagenes/productos/051737.jpg,https://aco.cl/imagenes/productos/1709334308_92.jpg,https://aco.cl/imagenes/productos/1709324608_24.jpg,https://aco.cl/imagenes/productos/1709341908_21.jpg
MI-GLA-051898,$93.055,https://aco.cl/imagenes/productos/051898.jpg,https://www.youtube.com/watch?v=f85qoqZEwHM
MI-TON-35221,$209.833,https://aco.cl/imagenes/productos/035225.jpg,https://aco.cl/imagenes/productos/0811245405_99.jpg,https://aco.cl/imagenes/productos/0811250705_100.jpg
MI-TON-35222,$209.833,https://aco.cl/imagenes/productos/035225.jpg,https://aco.cl/imagenes/productos/0811245405_99.jpg,https://aco.cl/imagenes/productos/0811250705_100.jpg
MI-TON-35223,$209.833,https://aco.cl/imagenes/productos/035225.jpg,https://aco.cl/imagenes/productos/0811245405_99.jpg,https://aco.cl/imagenes/productos/0811250705_100.jpg
MI-TON-35224,$209.833,https://aco.cl/imagenes/productos/035225.jpg,https://aco.cl/imagenes/productos/0811245405_99.jpg,https://aco.cl/imagenes/productos/0811250705_100.jpg
MI-TON-35225,$209.833,https://aco.cl/imagenes/productos/035225.jpg,https://aco.cl/imagenes/productos/0811245405_99.jpg,https://aco.cl/imagenes/productos/0811250705_100.jpg
MI-ENE-052239,$126.557,https://aco.cl/imagenes/productos/052239.jpg
